{"mean": -2380.7655831380443, "std": 2907.235803658569, "beta": 27.438786529509347}