{"mean": 1829.7343298129917, "std": 3320.9684293406185, "beta": 25.73280559202397}