{"mean": -2238.717763380561, "std": 2873.6233764930216, "beta": 27.273067985361134}